{
  "model": "Random Forest",
  "accuracy": 0.89419795221843,
  "precision_macro": 0.8367130861106764,
  "precision_weighted": 0.8798714115359536,
  "recall_macro": 0.759194271410205,
  "recall_weighted": 0.89419795221843,
  "f1_macro": 0.7784483661761264,
  "f1_weighted": 0.8790432680056641,
  "cohen_kappa": 0.7962687780724824,
  "mcc": 0.8031288087630505,
  "f1_confirmed": 0.9226594301221167,
  "f1_false_positive": 0.9787234042553191,
  "f1_candidate": 0.4339622641509434,
  "roc_auc_macro": 0.9548592289564409,
  "roc_auc_weighted": 0.9670642644791395,
  "classification_report": "                precision    recall  f1-score   support\n\n     CONFIRMED       0.88      0.97      0.92       352\nFALSE POSITIVE       0.97      0.99      0.98       163\n     CANDIDATE       0.66      0.32      0.43        71\n\n      accuracy                           0.89       586\n     macro avg       0.84      0.76      0.78       586\n  weighted avg       0.88      0.89      0.88       586\n"
}